Title,URL
【針筆云】SEWP TATTOO．黑色誘惑 衝擊視覺的BLACK WORK刺青,https://www.hk01.com/第二身/289087/針筆云-sewp-tattoo-黑色誘惑-衝擊視覺的black-work刺青
,https://www.hk01.com/熱爆話題/289155/她一直在玩命-台老婦強行橫過鐵路口-列車擦身過差半步無命
【新年習俗】將長紹菜掛起原來有得解！大白菜家族中最甜是誰？,https://www.hk01.com/飲食/289169/新年習俗-將長紹菜掛起原來有得解-大白菜家族中最甜是誰
【華為孟晚舟被捕】政論公眾號斥美趕盡殺絕　或激發中國人買華為,https://www.hk01.com/議事廳/288834/華為孟晚舟被捕-政論公眾號斥美趕盡殺絕-或激發中國人買華為
【相愛70年】患病不離不棄同步逝世　妻子婚前情信：愛你直到永遠,https://www.hk01.com/談情說性/288907/相愛70年-患病不離不棄同步逝世-妻子婚前情信-愛你直到永遠
內地推首批網絡直播標準：禁女主播透視暴露穿情趣制服,https://www.hk01.com/大國小事/289300/內地推首批網絡直播標準-禁女主播透視暴露穿情趣制服
【01眾樂迷】ARASHI宣布休團　99年出道當年仲有咩偶像誕生？,https://www.hk01.com/樂壇實況/288542/01眾樂迷-arashi宣布休團-99年出道當年仲有咩偶像誕生
,https://www.hk01.com/樂壇實況/288551/3分鐘放送-aka單飛處女作派台-supergirls-繼續活動
,https://www.hk01.com/社會新聞/289206/流感高峰-2個月大男嬰染甲型流感-併發嚴重肺炎住深切治療部
,https://www.hk01.com/紀實/288989/國際影像-近80年最強龍捲風-吹襲古巴哈瓦那-至少4死近200傷
求婚大作戰、流星花園　盤點6套被瘋狂翻拍的劇集　,https://www.hk01.com/開罐/288865/求婚大作戰-流星花園-盤點6套被瘋狂翻拍的劇集
【CHANEL SS19】優雅OL必備    春夏「魚尾裙」熱潮強勢襲來！,https://www.hk01.com/穿搭筆記/289078/chanel-ss19-優雅ol必備-春夏-魚尾裙-熱潮強勢襲來
英國下議院議長「毒舌」出位　一把口改變低調形象,https://www.hk01.com/政壇核心外圍/289260/英國下議院議長-毒舌-出位-一把口改變低調形象
香港樓價有幾難負擔？　5年內樓價升近38%　收入僅增3%,https://www.hk01.com/地產樓市/289272/香港樓價有幾難負擔-5年內樓價升近38-收入僅增3
,https://www.hk01.com/紀實/288989/國際影像-近80年最強龍捲風-吹襲古巴哈瓦那-至少4死近200傷
,https://www.hk01.com/熱爆話題/289101/圖輯-聖光貓-系列twitter瘋傳-詭異眼神如外星人降臨人間
,https://www.hk01.com/社會新聞/288992/酒吧涉設-揸波game-案-辯方-遊戲非性服務-警多次放蛇可疑
,https://www.hk01.com/財經快訊/289279/亞視與內地媒體公司合作-推漢字教學電視節目
【國際影像】近80年最強龍捲風　吹襲古巴哈瓦那　至少4死近200傷,https://www.hk01.com/紀實/288989/國際影像-近80年最強龍捲風-吹襲古巴哈瓦那-至少4死近200傷
,https://www.hk01.com/地產樓市/289212/信置逸瓏灣8累售218伙-佔全盤逾4成-套現近17億元
【英國脫歐】文翠珊望與歐盟重啟談判　DUP對此表示歡迎,https://www.hk01.com/即時國際/289286/英國脫歐-文翠珊望與歐盟重啟談判-dup對此表示歡迎
【大媽打女護】被捕媽媽指護士一句話起爭執　查名牌為「教佢嘢」,https://www.hk01.com/突發/289158/大媽打女護-被捕媽媽指護士一句話起爭執-查名牌為-教佢嘢
酒吧涉提供「揸波」遊戲被控　探員稱調查時為免起疑　唔可以唔揸,https://www.hk01.com/社會新聞/288770/酒吧涉提供-揸波-遊戲被控-探員稱調查時為免起疑-唔可以唔揸
,https://www.hk01.com/紀實/289132/國際影像-巴西礦庫崩塌-死亡數字增至65-279人仍失蹤
,https://www.hk01.com/財經快訊/289218/中行已完成發行400億元人民幣永續債-票面息率4-5厘
,https://www.hk01.com/
,https://www.hk01.com/01觀點/289170/引入英聯邦醫生呼聲高-醫生業界聽到嗎
,https://www.hk01.com/18區新聞/289222/係愛呀-車主與狗狗父子裝坐開篷電單車-暢遊吐露港網民勁like
,https://www.hk01.com/即時中國/289109/加司法部接獲美引渡孟晚舟要求-中方再度回應事件-立即放人
,https://www.hk01.com/政壇核心外圍/289260/英國下議院議長-毒舌-出位-一把口改變低調形象
【大媽打女護】要求讓兒子優先睇醫生　惡「大媽」出手打廣華護士,https://www.hk01.com/突發/288820/大媽打女護-要求讓兒子優先睇醫生-惡-大媽-出手打廣華護士
【01眾樂迷】香港唱片最後一店將結業　開業34年終成港人回憶,https://www.hk01.com/樂壇實況/289138/01眾樂迷-香港唱片最後一店將結業-開業34年終成港人回憶
,https://www.hk01.com/即時國際/289113/新聞教室-中美談判趨複雜-孟晚舟案-怎樣捲進貿易戰漩渦
契訶夫：文學是我的情婦 (01/29),https://www.hk01.com/哲學/68156/契訶夫-文學是我的情婦-01-29
【專欄】汽車電影　是我們迷上汽車、愛上速度的原點 | John Chan,https://www.hk01.com/形而/288891/專欄-汽車電影-是我們迷上汽車-愛上速度的原點-john-chan
【性蕭條．五】性產業升級轉型　日本銀髮族成消費主力,https://www.hk01.com/世界說/288699/性蕭條-五-性產業升級轉型-日本銀髮族成消費主力
信置逸瓏灣8累售218伙　佔全盤逾4成　套現近17億元,https://www.hk01.com/地產樓市/289212/信置逸瓏灣8累售218伙-佔全盤逾4成-套現近17億元
,https://www.hk01.com/一物/289261/zara加入換新logo潮流-設計意念源自90年代時尚雜誌
【港足日與夜．盧均宜】轉投富力半季之得失　理想與家庭的抉擇,https://www.hk01.com/即時體育/264890/港足日與夜-盧均宜-轉投富力半季之得失-理想與家庭的抉擇
【性蕭條．二】獨身主義的隱痛　做愛次數減少怎樣影響社會？,https://www.hk01.com/世界說/288665/性蕭條-二-獨身主義的隱痛-做愛次數減少怎樣影響社會
【她一直在玩命】台老婦強行橫過鐵路口　列車擦身過差半步無命,https://www.hk01.com/熱爆話題/289155/她一直在玩命-台老婦強行橫過鐵路口-列車擦身過差半步無命
【新聞教室】中美談判趨複雜　「孟晚舟案」怎樣捲進貿易戰漩渦？,https://www.hk01.com/即時國際/289113/新聞教室-中美談判趨複雜-孟晚舟案-怎樣捲進貿易戰漩渦
,https://www.hk01.com/大國小事/289300/內地推首批網絡直播標準-禁女主播透視暴露穿情趣制服
,https://www.hk01.com/世界說/288699/性蕭條-五-性產業升級轉型-日本銀髮族成消費主力
【沙中線】委員會結案陳詞　質疑潘焯鴻自創對話　政府隨意定標準,https://www.hk01.com/社會新聞/289301/沙中線-委員會結案陳詞-質疑潘焯鴻自創對話-政府隨意定標準
【孟晚舟被捕】加媒：中國「綁架」加公民　美國不會做同樣事情,https://www.hk01.com/外媒視點/289263/孟晚舟被捕-加媒-中國-綁架-加公民-美國不會做同樣事情
,https://www.hk01.com/紀實/289132/國際影像-巴西礦庫崩塌-死亡數字增至65-279人仍失蹤
引入英聯邦醫生呼聲高　醫生業界聽到嗎？,https://www.hk01.com/01觀點/289170/引入英聯邦醫生呼聲高-醫生業界聽到嗎
,https://www.hk01.com/形而/288891/專欄-汽車電影-是我們迷上汽車-愛上速度的原點-john-chan
,https://www.hk01.com/即時國際/289151/中美貿易戰-劉鶴抵美將談判-前因後果-一文看懂
【紋身風】太極刺青・承載古中國文化精神,https://www.hk01.com/第二身/289159/紋身風-太極刺青-承載古中國文化精神
李錦記旗下無限極爆銷售不當　內地政府約談91間直銷企業,https://www.hk01.com/財經快訊/289250/李錦記旗下無限極爆銷售不當-內地政府約談91間直銷企業
,https://www.hk01.com/熱爆話題/288415/父債肉償-他任由我被姦全身血-日黑幫頭目女兒刺青洗底
【有片．校園欺凌】密室體驗被欺凌　反思欺凌與玩樂界線,https://www.hk01.com/社會新聞/288982/有片-校園欺凌-密室體驗被欺凌-反思欺凌與玩樂界線
,https://www.hk01.com/親子/287757/居日生活體驗-日本學校過新年-人字拖mama
,https://www.hk01.com/01觀點/289208/收緊長者綜援在即-立法會最後通牒-羅致光仍在賣弄語言-偽-術
,https://www.hk01.com/外媒視點/289263/孟晚舟被捕-加媒-中國-綁架-加公民-美國不會做同樣事情
ZARA加入換新Logo潮流　設計意念源自90年代時尚雜誌？,https://www.hk01.com/一物/289261/zara加入換新logo潮流-設計意念源自90年代時尚雜誌
,https://www.hk01.com/周報/288883/專上教育-公私之爭未解-自資高等教育前路何去何從
,https://www.hk01.com/社會新聞/289301/沙中線-委員會結案陳詞-質疑潘焯鴻自創對話-政府隨意定標準
首頁,https://www.hk01.com/
【國際影像】巴西礦庫崩塌　死亡數字增至65　279人仍失蹤,https://www.hk01.com/紀實/289132/國際影像-巴西礦庫崩塌-死亡數字增至65-279人仍失蹤
,https://www.hk01.com/財經快訊/289250/李錦記旗下無限極爆銷售不當-內地政府約談91間直銷企業
,https://www.hk01.com/社會新聞/288770/酒吧涉提供-揸波-遊戲被控-探員稱調查時為免起疑-唔可以唔揸
,https://www.hk01.com/旅遊/289180/十二生肖運程-豬年旅遊-出走變出pool-豬-鼠-牛-虎篇
亞視與內地媒體公司合作　推漢字教學電視節目,https://www.hk01.com/財經快訊/289279/亞視與內地媒體公司合作-推漢字教學電視節目
,https://www.hk01.com/談情說性/288907/相愛70年-患病不離不棄同步逝世-妻子婚前情信-愛你直到永遠
收緊長者綜援在即　立法會最後通牒　羅致光仍在賣弄語言「偽」術,https://www.hk01.com/01觀點/289208/收緊長者綜援在即-立法會最後通牒-羅致光仍在賣弄語言-偽-術
葵芳閣叫價低水　連日吸數十組客睇樓　最終以486萬獲承接,https://www.hk01.com/地產樓市/289049/葵芳閣叫價低水-連日吸數十組客睇樓-最終以486萬獲承接
,https://www.hk01.com/樂壇實況/288486/01眾樂迷-專訪-潘源良二次創作心法-有斧鑿痕跡就唱得唔過癮
道路交通源頭減壓　豈能止步「一換一」,https://www.hk01.com/01觀點/289091/道路交通源頭減壓-豈能止步-一換一
【舞獅爸爸】開舞獅館計劃設親子班　80後爸爸：最重要學尊師重道,https://www.hk01.com/親子/288693/舞獅爸爸-開舞獅館計劃設親子班-80後爸爸-最重要學尊師重道
,https://www.hk01.com/社會新聞/288982/有片-校園欺凌-密室體驗被欺凌-反思欺凌與玩樂界線
【區區有鼠患．多圖】葵盛西邨變老鼠樂園　街坊：有老鼠咬膠袋,https://www.hk01.com/18區新聞/288899/區區有鼠患-多圖-葵盛西邨變老鼠樂園-街坊-有老鼠咬膠袋
居日生活體驗——日本學校過新年！│人字拖Mama,https://www.hk01.com/親子/287757/居日生活體驗-日本學校過新年-人字拖mama
【TpGS直擊】閃亂神樂《忍紓壓》、《Peach Ball》亞洲版情報公開,https://www.hk01.com/遊戲動漫/288538/tpgs直擊-閃亂神樂-忍紓壓-peach-ball-亞洲版情報公開
,https://www.hk01.com/即時體育/289307/轉會-傳拜仁賤賣辛度華拿到中超-兩效德甲班霸僅上陣38次
,https://www.hk01.com/職場/280055/2019豬年十二生肖運程-蘇民峰評運勢排名-教你催財運健康運
,https://www.hk01.com/樂壇實況/288542/01眾樂迷-arashi宣布休團-99年出道當年仲有咩偶像誕生
【反斗奇兵4】牧羊女Bo Peep造型曝光　棄粉紅長裙換褲裝英氣十足,https://www.hk01.com/電影/289207/反斗奇兵4-牧羊女bo-peep造型曝光-棄粉紅長裙換褲裝英氣十足
地盤上的哲學家：我們工作是出於愛？還是責任？,https://www.hk01.com/哲學/288971/地盤上的哲學家-我們工作是出於愛-還是責任
【圖輯】「聖光貓」系列Twitter瘋傳　詭異眼神如外星人降臨人間,https://www.hk01.com/熱爆話題/289101/圖輯-聖光貓-系列twitter瘋傳-詭異眼神如外星人降臨人間
,https://www.hk01.com/
,https://www.hk01.com/穿搭筆記/289078/chanel-ss19-優雅ol必備-春夏-魚尾裙-熱潮強勢襲來
,https://www.hk01.com/突發/289158/大媽打女護-被捕媽媽指護士一句話起爭執-查名牌為-教佢嘢
,https://www.hk01.com/即時體育/221095/英超直播賽程-及時雨孫興慜回歸熱刺-迎屈福特誓報首循環之仇
,https://www.hk01.com/遊戲動漫/289174/biohazard-re2-生化危機2攻略-leon-claire全4線密碼解謎攻略
Supreme滑板拍賣$628萬成交　買家為郭慶祥之子Carson Guo,https://www.hk01.com/形而/289116/supreme滑板拍賣-628萬成交-買家為郭慶祥之子carson-guo
【英超直播賽程】及時雨孫興慜回歸熱刺　迎屈福特誓報首循環之仇,https://www.hk01.com/即時體育/221095/英超直播賽程-及時雨孫興慜回歸熱刺-迎屈福特誓報首循環之仇
加司法部接獲美引渡孟晚舟要求　中方再度回應事件：立即放人,https://www.hk01.com/即時中國/289109/加司法部接獲美引渡孟晚舟要求-中方再度回應事件-立即放人
,https://www.hk01.com/突發/289203/李偲嫣-metoo-重案組登門拉胞兄-聯兒子反抗襲兩警齊被捕
,https://www.hk01.com/地產樓市/289049/葵芳閣叫價低水-連日吸數十組客睇樓-最終以486萬獲承接
,https://www.hk01.com/形而/289116/supreme滑板拍賣-628萬成交-買家為郭慶祥之子carson-guo
父債肉償　「他任由我被姦全身血」　日黑幫頭目女兒刺青洗底,https://www.hk01.com/熱爆話題/288415/父債肉償-他任由我被姦全身血-日黑幫頭目女兒刺青洗底
,https://www.hk01.com/即時體育/289303/英超-卡迪夫城哀兵上陣-黃色水仙花悼消失中的鬥士
,https://www.hk01.com/第二身/289159/紋身風-太極刺青-承載古中國文化精神
,https://www.hk01.com/熱爆話題/288927/離婚男女-台男控前妻-白住-4個月-成功追討巿值租金
BioHazard RE2 生化危機2攻略：Leon、Claire全4線密碼解謎攻略,https://www.hk01.com/遊戲動漫/289174/biohazard-re2-生化危機2攻略-leon-claire全4線密碼解謎攻略
,https://www.hk01.com/知性女生/289093/愛情告白-告白千奇百趣-有男生初次約會炫耀-我子孫識游水
【離婚男女】台男控前妻「白住」4個月　成功追討巿值租金,https://www.hk01.com/熱爆話題/288927/離婚男女-台男控前妻-白住-4個月-成功追討巿值租金
【動物冷知識】蜜峰都識「gank」？日本蜂撼贏大黃蜂靠呢招！,https://www.hk01.com/開罐/286095/動物冷知識-蜜峰都識-gank-日本蜂撼贏大黃蜂靠呢招
【十二生肖運程】豬年旅遊　出走變出pool！ 豬、鼠、牛、虎篇,https://www.hk01.com/旅遊/289180/十二生肖運程-豬年旅遊-出走變出pool-豬-鼠-牛-虎篇
,https://www.hk01.com/01觀點/289091/道路交通源頭減壓-豈能止步-一換一
黃翠如岑麗香　女漢子也不抗拒的溫柔色調打扮　見家長好感度Up！,https://www.hk01.com/穿搭筆記/289043/黃翠如岑麗香-女漢子也不抗拒的溫柔色調打扮-見家長好感度up
,https://www.hk01.com/即時國際/289286/英國脫歐-文翠珊望與歐盟重啟談判-dup對此表示歡迎
【2019豬年十二生肖運程】蘇民峰評運勢排名　教你催財運健康運,https://www.hk01.com/職場/280055/2019豬年十二生肖運程-蘇民峰評運勢排名-教你催財運健康運
【流感高峰】2個月大男嬰染甲型流感　併發嚴重肺炎住深切治療部,https://www.hk01.com/社會新聞/289206/流感高峰-2個月大男嬰染甲型流感-併發嚴重肺炎住深切治療部
【李偲嫣#MeToo】重案組登門拉胞兄　聯兒子反抗襲兩警齊被捕,https://www.hk01.com/突發/289203/李偲嫣-metoo-重案組登門拉胞兄-聯兒子反抗襲兩警齊被捕
【英超】卡迪夫城哀兵上陣　黃色水仙花悼消失中的鬥士,https://www.hk01.com/即時體育/289303/英超-卡迪夫城哀兵上陣-黃色水仙花悼消失中的鬥士
【係愛呀】車主與狗狗父子裝坐開篷電單車　暢遊吐露港網民勁Like,https://www.hk01.com/18區新聞/289222/係愛呀-車主與狗狗父子裝坐開篷電單車-暢遊吐露港網民勁like
,https://www.hk01.com/親子/288693/舞獅爸爸-開舞獅館計劃設親子班-80後爸爸-最重要學尊師重道
【01眾故事】鄭伊健與長髮劃上等號　剃光頭立即失業一年,https://www.hk01.com/樂壇實況/288717/01眾故事-鄭伊健與長髮劃上等號-剃光頭立即失業一年
【01眾樂迷．專訪】潘源良二次創作心法：有斧鑿痕跡就唱得唔過癮,https://www.hk01.com/樂壇實況/288486/01眾樂迷-專訪-潘源良二次創作心法-有斧鑿痕跡就唱得唔過癮
,https://www.hk01.com/穿搭筆記/289043/黃翠如岑麗香-女漢子也不抗拒的溫柔色調打扮-見家長好感度up
【台灣宜蘭】IG爆紅打卡點！必去蔥澡自助澡堂　浸浴兼食甜品小食,https://www.hk01.com/旅遊/280500/台灣宜蘭-ig爆紅打卡點-必去蔥澡自助澡堂-浸浴兼食甜品小食
【再爆醜聞】空姐被誣荷蘭賣淫　長榮疲勞轟炸3小時致精神受創,https://www.hk01.com/台灣新聞/289023/再爆醜聞-空姐被誣荷蘭賣淫-長榮疲勞轟炸3小時致精神受創
脫歐投票又來了　文翠珊囂張連開兩邊戰線,https://www.hk01.com/分析評論/289097/脫歐投票又來了-文翠珊囂張連開兩邊戰線
,https://www.hk01.com/熱爆話題/289076/拒出示證件未能入住-港男大鬧高雄酒店-影員工相放上網被反公審
,https://www.hk01.com/議事廳/288834/華為孟晚舟被捕-政論公眾號斥美趕盡殺絕-或激發中國人買華為
,https://www.hk01.com/地產樓市/289272/香港樓價有幾難負擔-5年內樓價升近38-收入僅增3
,https://www.hk01.com/社區專題/289037/居民巴士-營辦商月付六萬元予鄉委會-馬灣人-擔心轉嫁給乘客
,https://www.hk01.com/開罐/286095/動物冷知識-蜜峰都識-gank-日本蜂撼贏大黃蜂靠呢招
拒出示證件未能入住　港男大鬧高雄酒店　影員工相放上網被反公審,https://www.hk01.com/熱爆話題/289076/拒出示證件未能入住-港男大鬧高雄酒店-影員工相放上網被反公審
,https://www.hk01.com/樂壇實況/288717/01眾故事-鄭伊健與長髮劃上等號-剃光頭立即失業一年
,https://www.hk01.com/18區新聞/288899/區區有鼠患-多圖-葵盛西邨變老鼠樂園-街坊-有老鼠咬膠袋
,https://www.hk01.com/樂壇實況/289138/01眾樂迷-香港唱片最後一店將結業-開業34年終成港人回憶
【3分鐘放送】Aka單飛處女作派台　SuperGirls 繼續活動,https://www.hk01.com/樂壇實況/288551/3分鐘放送-aka單飛處女作派台-supergirls-繼續活動
【專上教育】公私之爭未解　自資高等教育前路何去何從？,https://www.hk01.com/周報/288883/專上教育-公私之爭未解-自資高等教育前路何去何從
【愛情告白】告白千奇百趣　有男生初次約會炫耀：我子孫識游水！,https://www.hk01.com/知性女生/289093/愛情告白-告白千奇百趣-有男生初次約會炫耀-我子孫識游水
,https://www.hk01.com/即時娛樂/288243/減肥-胡盈禎搣甩40kg穿xs衫-9招減肥秘訣唔使捱餓
酒吧涉設「揸波Game」案　辯方：遊戲非性服務　警多次放蛇可疑,https://www.hk01.com/社會新聞/288992/酒吧涉設-揸波game-案-辯方-遊戲非性服務-警多次放蛇可疑
,https://www.hk01.com/旅遊/280500/台灣宜蘭-ig爆紅打卡點-必去蔥澡自助澡堂-浸浴兼食甜品小食
,https://www.hk01.com/電影/289207/反斗奇兵4-牧羊女bo-peep造型曝光-棄粉紅長裙換褲裝英氣十足
,https://www.hk01.com/第二身/289087/針筆云-sewp-tattoo-黑色誘惑-衝擊視覺的black-work刺青
,https://www.hk01.com/世界說/288665/性蕭條-二-獨身主義的隱痛-做愛次數減少怎樣影響社會
【減肥】胡盈禎搣甩40kg穿XS衫　9招減肥秘訣唔使捱餓,https://www.hk01.com/即時娛樂/288243/減肥-胡盈禎搣甩40kg穿xs衫-9招減肥秘訣唔使捱餓
,https://www.hk01.com/哲學/288971/地盤上的哲學家-我們工作是出於愛-還是責任
【轉會】傳拜仁賤賣辛度華拿到中超　兩效德甲班霸僅上陣38次,https://www.hk01.com/即時體育/289307/轉會-傳拜仁賤賣辛度華拿到中超-兩效德甲班霸僅上陣38次
,https://www.hk01.com/台灣新聞/289023/再爆醜聞-空姐被誣荷蘭賣淫-長榮疲勞轟炸3小時致精神受創
,https://www.hk01.com/突發/288820/大媽打女護-要求讓兒子優先睇醫生-惡-大媽-出手打廣華護士
,https://www.hk01.com/哲學/68156/契訶夫-文學是我的情婦-01-29
【居民巴士】營辦商月付六萬元予鄉委會　馬灣人：擔心轉嫁給乘客,https://www.hk01.com/社區專題/289037/居民巴士-營辦商月付六萬元予鄉委會-馬灣人-擔心轉嫁給乘客
【中美貿易戰】劉鶴抵美將談判　「前因後果」一文看懂,https://www.hk01.com/即時國際/289151/中美貿易戰-劉鶴抵美將談判-前因後果-一文看懂
,https://www.hk01.com/分析評論/289097/脫歐投票又來了-文翠珊囂張連開兩邊戰線
,https://www.hk01.com/遊戲動漫/288538/tpgs直擊-閃亂神樂-忍紓壓-peach-ball-亞洲版情報公開
中行已完成發行400億元人民幣永續債　票面息率4.5厘,https://www.hk01.com/財經快訊/289218/中行已完成發行400億元人民幣永續債-票面息率4-5厘
,https://www.hk01.com/飲食/289169/新年習俗-將長紹菜掛起原來有得解-大白菜家族中最甜是誰
,https://www.hk01.com/即時體育/264890/港足日與夜-盧均宜-轉投富力半季之得失-理想與家庭的抉擇
,https://www.hk01.com/開罐/288865/求婚大作戰-流星花園-盤點6套被瘋狂翻拍的劇集
